<annotation>
    <folder>extra</folder>
    <filename>459381023.jpg</filename>
    <size>
        <width>768</width>
        <height>1024</height>
        <depth>3</depth>
    </size>
    <segmented>0</segmented>
    <object>
        <name>crop</name>
        <pose>Unspecified</pose>
        <truncated>0</truncated>
        <occluded>0</occluded>
        <difficult>0</difficult>
        <bndbox>
            <xmin>29</xmin>
            <ymin>121</ymin>
            <xmax>754</xmax>
            <ymax>840</ymax>
        </bndbox>
    </object>
</annotation>