<annotation>
    <folder>extra</folder>
    <filename>469763323.jpg</filename>
    <size>
        <width>1024</width>
        <height>768</height>
        <depth>3</depth>
    </size>
    <segmented>0</segmented>
    <object>
        <name>crop</name>
        <pose>Unspecified</pose>
        <truncated>0</truncated>
        <occluded>0</occluded>
        <difficult>0</difficult>
        <bndbox>
            <xmin>167</xmin>
            <ymin>7</ymin>
            <xmax>979</xmax>
            <ymax>767</ymax>
        </bndbox>
    </object>
</annotation>