<annotation>
    <folder>extra</folder>
    <filename>a-blue-circular-ahead-only-directional-road-sign-or-traffic-sign-with-A7F488.jpg</filename>
    <size>
        <width>1300</width>
        <height>969</height>
        <depth>3</depth>
    </size>
    <segmented>0</segmented>
    <object>
        <name>crop</name>
        <pose>Unspecified</pose>
        <truncated>0</truncated>
        <occluded>0</occluded>
        <difficult>0</difficult>
        <bndbox>
            <xmin>101</xmin>
            <ymin>72</ymin>
            <xmax>852</xmax>
            <ymax>838</ymax>
        </bndbox>
    </object>
</annotation>