<annotation>
    <folder>extra</folder>
    <filename>german-road-sign-slippery-road-J2HWWW.jpg</filename>
    <size>
        <width>866</width>
        <height>1390</height>
        <depth>3</depth>
    </size>
    <segmented>0</segmented>
    <object>
        <name>crop</name>
        <pose>Unspecified</pose>
        <truncated>0</truncated>
        <occluded>0</occluded>
        <difficult>0</difficult>
        <bndbox>
            <xmin>25</xmin>
            <ymin>28</ymin>
            <xmax>836</xmax>
            <ymax>538</ymax>
        </bndbox>
    </object>
</annotation>