<annotation>
    <folder>extra</folder>
    <filename>no_entry.jpeg</filename>
    <size>
        <width>183</width>
        <height>276</height>
        <depth>3</depth>
    </size>
    <segmented>0</segmented>
    <object>
        <name>crop</name>
        <pose>Unspecified</pose>
        <truncated>0</truncated>
        <occluded>0</occluded>
        <difficult>0</difficult>
        <bndbox>
            <xmin>30</xmin>
            <ymin>83</ymin>
            <xmax>145</xmax>
            <ymax>194</ymax>
        </bndbox>
    </object>
</annotation>