<annotation>
    <folder>extra</folder>
    <filename>stock-photo-a-german-traffic-sign-indicates-a-narrowed-roadway-verengte-fahrbahn-there-are-several-trees-in-696991873.jpg</filename>
    <size>
        <width>450</width>
        <height>320</height>
        <depth>3</depth>
    </size>
    <segmented>0</segmented>
    <object>
        <name>crop</name>
        <pose>Unspecified</pose>
        <truncated>0</truncated>
        <occluded>0</occluded>
        <difficult>0</difficult>
        <bndbox>
            <xmin>106</xmin>
            <ymin>47</ymin>
            <xmax>304</xmax>
            <ymax>214</ymax>
        </bndbox>
    </object>
</annotation>