<annotation>
    <folder>extra</folder>
    <filename>stock-photo-german-road-sign-bicycles-crossing-369121106.jpg</filename>
    <size>
        <width>450</width>
        <height>320</height>
        <depth>3</depth>
    </size>
    <segmented>0</segmented>
    <object>
        <name>crop</name>
        <pose>Unspecified</pose>
        <truncated>0</truncated>
        <occluded>0</occluded>
        <difficult>0</difficult>
        <bndbox>
            <xmin>22</xmin>
            <ymin>12</ymin>
            <xmax>294</xmax>
            <ymax>255</ymax>
        </bndbox>
    </object>
</annotation>