<annotation>
    <folder>extra</folder>
    <filename>work-progress-road-sign-triangle-isolated-cloudy-background-germany-47409527.jpg</filename>
    <size>
        <width>1300</width>
        <height>957</height>
        <depth>3</depth>
    </size>
    <segmented>0</segmented>
    <object>
        <name>crop</name>
        <pose>Unspecified</pose>
        <truncated>0</truncated>
        <occluded>0</occluded>
        <difficult>0</difficult>
        <bndbox>
            <xmin>251</xmin>
            <ymin>35</ymin>
            <xmax>1066</xmax>
            <ymax>804</ymax>
        </bndbox>
    </object>
</annotation>